{
    "MAE": 1.9276315789473752,
    "MSE": 4.413867728531871,
    "R2": 0.9215312403816556
}